table,field,type,status,rows,source,powers,notes
geo_state,state,CHAR(2) PRIMARY KEY,new,51,Census Gazetteer,all location filters,"50 states + DC. Territories excluded — no lender or buyer coverage there."
geo_state,name,TEXT NOT NULL,new,,Census Gazetteer,result headings,"Full name for display. ""220 lenders licensed in Florida"" reads better than ""in FL""."
geo_state,fips,CHAR(2) NOT NULL UNIQUE,new,,Census Gazetteer,,"Joins to the first two digits of any county GEOID."
geo_county,fips,CHAR(5) PRIMARY KEY,new,3222,2024 Census Gazetteer counties (142 KB),county filter,"GEOID = state FIPS + county FIPS. This must be the key, not the name: county names repeat heavily across states (30+ states have a Washington County). Our current crosswalk stores names only, giving just 1956 distinct names for 3222 counties."
geo_county,name,TEXT NOT NULL,new,,2024 Census Gazetteer counties,county filter,"Full legal name with suffix: ""Palm Beach County"", ""Orleans Parish"", ""Anchorage Municipality"". Suffix varies by state — do not assume ""County""."
geo_county,short_name,TEXT NOT NULL,derive,,derived from name,cash_buyer coverage matching,"Suffix stripped (""Palm Beach""). Required to normalise cash_buyers.coverage[], which stores bare names, against canonical records."
geo_county,state,CHAR(2) NOT NULL,new,,2024 Census Gazetteer counties,county filter,"FK to geo_state."
geo_county,lat,NUMERIC(9|6),new,,2024 Census Gazetteer counties,map/radius,"Gazetteer INTPTLAT. Optional until radius search exists."
geo_county,lng,NUMERIC(9|6),new,,2024 Census Gazetteer counties,map/radius,"Gazetteer INTPTLONG. Optional until radius search exists."
geo_city,id,BIGSERIAL PRIMARY KEY,new,TBD,,,"Row count unknown until the first HUD pull. Census lists 32333 places for scale, but USPS preferred cities are far fewer."
geo_city,name,TEXT NOT NULL,new,,HUD USPS_ZIP_PREF_CITY,city search (PRIMARY GAP),"USPS preferred city name — the decision you made. Matches what is printed on the property address, which is what investors type. NOT a municipal boundary: the ZIPs labelled ""Lake Worth"" cover unincorporated Palm Beach County well beyond Lake Worth Beach city limits."
geo_city,state,CHAR(2) NOT NULL,new,,HUD USPS_ZIP_PREF_STATE,city search,"FK to geo_state. UNIQUE(name, state) — city names repeat across states."
geo_city,primary_county_fips,CHAR(5),new,,derived via geo_zip,city search,"Largest county by ZIP count. Nullable: a city can straddle counties, so treat as a hint not a fact."
geo_city,lat,NUMERIC(9|6),new,,HUD / Census places,map/radius,"Optional until radius search exists."
geo_city,lng,NUMERIC(9|6),new,,HUD / Census places,map/radius,"Optional until radius search exists."
geo_city_alias,city_id,BIGINT NOT NULL,new,TBD,HUD acceptable city names,city search recall,"FK to geo_city. Without aliases, a user typing an ""acceptable"" USPS name (or a former name) gets zero results."
geo_city_alias,alias,TEXT NOT NULL,new,,HUD acceptable city names,city search recall,"Lowercased for matching. Index with pg_trgm for typo tolerance."
geo_zip,zip,CHAR(5) PRIMARY KEY,have,42570,app/data/zip_crosswalk.json,ZIP search (LIVE),"Already built and in production. Leading zeros are significant — keep as text, never integer."
geo_zip,state,CHAR(2) NOT NULL,have,42570,app/data/zip_crosswalk.json,ZIP search (LIVE),"100% populated. Border ZIPs already resolved to the USPS state rather than largest land area."
geo_zip,usps_city,TEXT,new,,HUD USPS_ZIP_PREF_CITY,city search (PRIMARY GAP),"The single missing piece. Everything else about ZIPs is already solved."
geo_zip,primary_county_fips,CHAR(5),derive,33774,derived from existing crosswalk + gazetteer,county filter,"We have the county NAME for 33774 of 42570 ZIPs; converting to FIPS is a join, not new data. The 8796 without a county are PO-box and single-point ZIPs with no Census ZCTA — leave null, never infer."
geo_zip,lat,NUMERIC(9|6),new,,Census ZCTA gazetteer,map/radius,"Optional until radius search exists."
geo_zip,lng,NUMERIC(9|6),new,,Census ZCTA gazetteer,map/radius,"Optional until radius search exists."
geo_zip_county,zip,CHAR(5) NOT NULL,derive,46960,Census ZCTA-to-County relationship file,county filter,"Many-to-many: 10092 ZIPs touch more than one county. A single county column would silently drop coverage for those."
geo_zip_county,county_fips,CHAR(5) NOT NULL,derive,,Census ZCTA-to-County relationship file,county filter,"FK to geo_county. PRIMARY KEY (zip, county_fips)."
geo_zip_county,is_primary,BOOLEAN NOT NULL,derive,,derived by land area,county display,"Largest land-area part. Used for display; matching should consider every row."
_source,HUD USPS ZIP Crosswalk API,free (token),recommended,,https://www.huduser.gov/hudapi/public/usps,city data,"THE source for USPS city names. Free, requires a registered token. Bearer auth. type=2 (zip-county), query=All returns the whole file. Fields USPS_ZIP_PREF_CITY / USPS_ZIP_PREF_STATE. Updated quarterly. Authoritative and covers all USPS ZIPs."
_source,Census 2024 Gazetteer — counties,free (no auth),recommended,3222,https://www2.census.gov/geo/docs/maps-data/data/gazetteer/2024_Gazetteer/,county data,"142 KB zip. Verified reachable. Fields: USPS, GEOID, NAME, ALAND, INTPTLAT, INTPTLONG."
_source,Census 2024 Gazetteer — places,free (no auth),optional,32333,https://www2.census.gov/geo/docs/maps-data/data/gazetteer/2024_Gazetteer/,municipality data,"1.2 MB zip. Verified reachable. Legal municipalities + CDPs. Only needed if you later want true municipal boundaries alongside USPS names."
_source,Census 2020 ZCTA-to-County,free (no auth),in use,46960,https://www2.census.gov/geo/docs/maps-data/data/rel2020/zcta520/,ZIP/county,"6.8 MB. Already powers zip_crosswalk.json via backend/scripts/build_zip_crosswalk.py."
_source,SimpleMaps US Zips — Basic,free w/ attribution,alternative,33782,https://simplemaps.com/data/us-zips,city data,"CC BY 4.0 but requires a visible backlink on a public page before production use. Only 33782 ZIPs (ZCTAs only) — misses the same 8796 USPS-only ZIPs we already had to patch. Weaker than HUD for our case."
_source,SimpleMaps US Zips — Pro,$99 one-time,alternative,41545,https://simplemaps.com/data/us-zips,city data,"All USPS ZIPs, no attribution, no redistribution permitted. Buys convenience over HUD, not coverage. 12 months of updates."
_note,county_rates.json overlap,existing asset,have,3216,app/data/landlord_insurance/county_rates.json,,"Already carries geoid + county + state + state_full for 3216 counties (6 short of the gazetteer's 3222). Stores SHORT names (""Autauga"") where the gazetteer stores full (""Autauga County""). Seed geo_county from the gazetteer and leave this file alone — it is load-bearing for insurance estimates."
_note,storage location,decision,new,,,"Postgres, not JSON","zip_crosswalk.json is already 1.4 MB loaded per worker process. Adding cities plus fuzzy autocomplete exceeds what a JSON file should carry. Needs pg_trgm indexes on geo_city.name and geo_city_alias.alias."
_note,does NOT unblock,scope,,,,"lender county filter","A geo database says which counties exist. It cannot say which counties a lender will lend in. Lender county filtering still depends entirely on counties_served in the regenerated lender dataset."
