Campaign,Campaign Type,Campaign Status,Budget,Budget type,Bid Strategy Type,Networks,Languages,Location,Ad Group,Ad Group Type,Ad Group Status,Max CPC,Keyword,Criterion Type,Status,Ad type,Final URL,Path 1,Path 2,Headline 1,Headline 2,Headline 3,Headline 4,Headline 5,Headline 6,Headline 7,Headline 8,Headline 9,Headline 10,Headline 11,Headline 12,Headline 1 position,Headline 2 position,Description 1,Description 2,Description 3,Description 4,Labels
find-investment-property,Search,Paused,15.00,Daily,Manual CPC,Google search,en,United States,,,,,,,,,,,,,,,,,,,,,,,,,,,,,,for-listicles
find-investment-property,,,,,,,,,find-investment-property,Standard,Enabled,2.50,,,,,,,,,,,,,,,,,,,,,,,,,,
find-investment-property,,,,,,,,,find-investment-property,,,2.50,find investment property,Exact,Enabled,,,,,,,,,,,,,,,,,,,,,,,
find-investment-property,,,,,,,,,find-investment-property,,,2.50,find investment property,Phrase,Enabled,,,,,,,,,,,,,,,,,,,,,,,
find-investment-property,,,,,,,,,find-investment-property,,,2.50,how to find investment properties,Exact,Enabled,,,,,,,,,,,,,,,,,,,,,,,
find-investment-property,,,,,,,,,find-investment-property,,,2.50,how to find investment properties,Phrase,Enabled,,,,,,,,,,,,,,,,,,,,,,,
find-investment-property,,,,,,,,,find-investment-property,,,2.50,investment property search,Exact,Enabled,,,,,,,,,,,,,,,,,,,,,,,
find-investment-property,,,,,,,,,find-investment-property,,,2.50,investment property search,Phrase,Enabled,,,,,,,,,,,,,,,,,,,,,,,
find-investment-property,,,,,,,,,find-investment-property,,,2.50,find off market properties,Exact,Enabled,,,,,,,,,,,,,,,,,,,,,,,
find-investment-property,,,,,,,,,find-investment-property,,,2.50,find off market properties,Phrase,Enabled,,,,,,,,,,,,,,,,,,,,,,,
find-investment-property,,,,,,,,,find-investment-property,,,2.50,off market investment properties,Phrase,Enabled,,,,,,,,,,,,,,,,,,,,,,,
find-investment-property,,,,,,,,,find-investment-property,,,2.50,foreclosure listings map,Exact,Enabled,,,,,,,,,,,,,,,,,,,,,,,
find-investment-property,,,,,,,,,find-investment-property,,,2.50,foreclosure listings map,Phrase,Enabled,,,,,,,,,,,,,,,,,,,,,,,
find-investment-property,,,,,,,,,find-investment-property,,,2.50,pre foreclosure listings,Phrase,Enabled,,,,,,,,,,,,,,,,,,,,,,,
find-investment-property,,,,,,,,,find-investment-property,,,2.50,expired listings for investors,Phrase,Enabled,,,,,,,,,,,,,,,,,,,,,,,
find-investment-property,,,,,,,,,find-investment-property,,,2.50,absentee owner list,Exact,Enabled,,,,,,,,,,,,,,,,,,,,,,,
find-investment-property,,,,,,,,,find-investment-property,,,2.50,absentee owner list,Phrase,Enabled,,,,,,,,,,,,,,,,,,,,,,,
find-investment-property,,,,,,,,,find-investment-property,,,2.50,find real estate deals,Exact,Enabled,,,,,,,,,,,,,,,,,,,,,,,
find-investment-property,,,,,,,,,find-investment-property,,,2.50,find real estate deals,Phrase,Enabled,,,,,,,,,,,,,,,,,,,,,,,
find-investment-property,,,,,,,,,find-investment-property,,,2.50,investment property finder,Phrase,Enabled,,,,,,,,,,,,,,,,,,,,,,,
find-investment-property,,,,,,,,,find-investment-property,,,2.50,distressed property search,Phrase,Enabled,,,,,,,,,,,,,,,,,,,,,,,
find-investment-property,,,,,,,,,,,,,jobs,Negative Phrase,Enabled,,,,,,,,,,,,,,,,,,,,,,,
find-investment-property,,,,,,,,,,,,,job,Negative Phrase,Enabled,,,,,,,,,,,,,,,,,,,,,,,
find-investment-property,,,,,,,,,,,,,careers,Negative Phrase,Enabled,,,,,,,,,,,,,,,,,,,,,,,
find-investment-property,,,,,,,,,,,,,salary,Negative Phrase,Enabled,,,,,,,,,,,,,,,,,,,,,,,
find-investment-property,,,,,,,,,,,,,course,Negative Phrase,Enabled,,,,,,,,,,,,,,,,,,,,,,,
find-investment-property,,,,,,,,,,,,,courses,Negative Phrase,Enabled,,,,,,,,,,,,,,,,,,,,,,,
find-investment-property,,,,,,,,,,,,,class,Negative Phrase,Enabled,,,,,,,,,,,,,,,,,,,,,,,
find-investment-property,,,,,,,,,,,,,training,Negative Phrase,Enabled,,,,,,,,,,,,,,,,,,,,,,,
find-investment-property,,,,,,,,,,,,,book,Negative Phrase,Enabled,,,,,,,,,,,,,,,,,,,,,,,
find-investment-property,,,,,,,,,,,,,pdf,Negative Phrase,Enabled,,,,,,,,,,,,,,,,,,,,,,,
find-investment-property,,,,,,,,,,,,,definition,Negative Phrase,Enabled,,,,,,,,,,,,,,,,,,,,,,,
find-investment-property,,,,,,,,,,,,,meaning,Negative Phrase,Enabled,,,,,,,,,,,,,,,,,,,,,,,
find-investment-property,,,,,,,,,,,,,what is,Negative Phrase,Enabled,,,,,,,,,,,,,,,,,,,,,,,
find-investment-property,,,,,,,,,,,,,realtor license,Negative Phrase,Enabled,,,,,,,,,,,,,,,,,,,,,,,
find-investment-property,,,,,,,,,,,,,real estate license,Negative Phrase,Enabled,,,,,,,,,,,,,,,,,,,,,,,
find-investment-property,,,,,,,,,,,,,apartments for rent,Negative Phrase,Enabled,,,,,,,,,,,,,,,,,,,,,,,
find-investment-property,,,,,,,,,,,,,for rent,Negative Phrase,Enabled,,,,,,,,,,,,,,,,,,,,,,,
find-investment-property,,,,,,,,,,,,,commercial,Negative Phrase,Enabled,,,,,,,,,,,,,,,,,,,,,,,
find-investment-property,,,,,,,,,,,,,reit,Negative Phrase,Enabled,,,,,,,,,,,,,,,,,,,,,,,
find-investment-property,,,,,,,,,,,,,stocks,Negative Phrase,Enabled,,,,,,,,,,,,,,,,,,,,,,,
find-investment-property,,,,,,,,,,,,,free download,Negative Phrase,Enabled,,,,,,,,,,,,,,,,,,,,,,,
find-investment-property,,,,,,,,,find-investment-property,,,,,,Enabled,Responsive search ad,https://dealgapiq.com/for/find-investment-property?utm_source=google&utm_medium=cpc&utm_campaign=find-investment-property,for,investors,Find a Deal of a Lifetime,Free Discovery. No Signup.,Search Homes Not For Sale,Foreclosure & Expired Pins,Filter by Owner Tenure,Every Pin Shows Rent %,"Investor Map, Not Listings",Run Any Address Free,Absentee Owner Leads on a Map,Draw Your Own Search Area,No Card. No Account.,DealGapIQ Search & Discover,1,2,"Every pin is a price and a rent-to-price number, not a photo. Filter, then run it free.","Search by foreclosure, expired listing, owner tenure and absentee status. Free, no signup.","Homes that aren't for sale, on one map. Pick a pin, run the address, know what to offer.",The full map is Pro. The Discovery on any address is free with no signup and no card.,hookA
